{
  "main_desc": "唯家置业顾问岗位上绩效表现优秀的员工呈现出一些共同的特征",
  "axes": [
    {
      "id": 1,
      "name": "专业知识",
      "desc": "他们通常熟知法律法规知识，精通客户互动话术与技巧。（法律法规知识、客户互动话术与技巧）"
    },
    {
      "id": 1,
      "name": "素质",
      "desc": "这群绩优员工往往能够为自己设定挑战性的目标并努力达成，在工作中努力为客户提供高价值或超值服务。（追求卓越、客户导向）"
    },
    {
      "id": 1,
      "name": "性格",
      "desc": "他们大多表现出偏好创造前所未有的事物与观念的特征。（创新精神）"
    },
    {
      "id": 1,
      "name": "潜力",
      "desc": "他们展示出很强的好奇心和学习渴望，能够尝试用不同的方法达成目标。（敏锐学习能力）"
    }
  ],
  "extra_desc": "此外，他们通常还具备一些其他的共同特征：经验丰富，工作效率高，推动力强。",
  "characters": [
    {
      "id": 1,
      "name": "客户导向",
      "type": 1,
      "excellent_score": 3,
      "avg_score": 2.3
    },
    {
      "id": 2,
      "type": 1,
      "name": "追求卓越",
      "excellent_score": 5,
      "avg_score": 2.9
    },
    {
      "id": 3,
      "type": 1,
      "name": "创新精神",
      "excellent_score": 4,
      "avg_score": 2.3
    },
    {
      "id": 4,
      "type": 1,
      "name": "敏锐学习能力",
      "excellent_score": 4,
      "avg_score": 2.8
    },
    {
      "id": 5,
      "type": 2,
      "name": "法律法规知识",
      "excellent_score": 5,
      "avg_score": 2.8
    },
    {
      "id": 6,
      "type": 2,
      "name": "客户互动话术与技巧",
      "excellent_score": 4,
      "avg_score": 2.6
    },
    {
      "id": 7,
      "type": 2,
      "name": "经验丰富",
      "excellent_score": 3,
      "avg_score": 2.2
    },
    {
      "id": 8,
      "type": 2,
      "name": "工作效率高",
      "excellent_score": 4,
      "avg_score": 3.2
    },
    {
      "id": 9,
      "type": 2,
      "name": "推动力强"
    },
    {
      "id": 10,
      "type": 2,
      "name": "销售"
    },
    {
      "id": 11,
      "type": 2,
      "name": "比较聪明"
    },
    {
      "id": 12,
      "type": 2,
      "name": "思考能力较强"
    },
    {
      "id": 13,
      "type": 2,
      "name": "态度积极"
    },
    {
      "id": 14,
      "type": 2,
      "name": "工作热情高"
    },
    {
      "id": 4,
      "type": 2,
      "name": "工作态度较好"
    },
    {
      "id": 15,
      "type": 2,
      "name": "判断力较好"
    },
    {
      "id": 16,
      "type": 2,
      "name": "具有潜力"
    },
    {
      "id": 17,
      "type": 2,
      "name": "情绪管理能力"
    },
    {
      "id": 18,
      "type": 2,
      "name": "品质意识"
    }
  ]
}