{
  "performance": {
    "props": [
      {
        "level": "高",
        "percent": 26.7,
        "labels": [
          "客户导向",
          "追求卓越",
          "创新精神",
          "敏锐学习能力",
          "法律法规知识",
          "客户互动话术与技巧",
          "经验丰富",
          "工作效率高"
        ]
      },
      {
        "level": "中",
        "percent": 46.7,
        "labels": [
          "销售",
          "民主精神",
          "建立关系",
          "情感管理能力",
          "人际感知能力"
        ]
      },
      {
        "level": "低",
        "percent": 26.7,
        "labels": [
          "人际影响",
          "精力水平",
          "品质意识",
          "工作态度好"
        ]
      }
    ]
  }
}