[
  {
    "name": "团队优势项",
    "list": [
      "追求卓越",
      "人际影响"
    ]
  },
  {
    "name": "团队待发展项",
    "list": [
      "客户导向",
      "建立关系"
    ]
  },
  {
    "name": "团队发展建议",
    "list": [
      "建议通过以下方式，加强团队成员为客户解决问题的能力：",
      "实践应用：建议整个团队增加与客户互动频次，并在内部设定互动行为标准，同时建立看板实时公布进展、相互检查，每周反馈效果同时对策略进行优化改进。",
      "机制建设：鼓励团队愿意占用个人时间与客户建立工作以外的关系，客户遇到问题时，愿意分享私人资源给客户提供帮助，并在内部设立相应的激励机制。",
      "建议通过以下方式，发展团队成员保持广泛社会关系的能力：",
      "实践应用：建议在团队内两两之间互为Buddy（伙伴），除了正式的工作关系，可以互相交流工作中、生活里遇到的挑战或新的想法，或者以伙伴的名义在企业内发起创新的项目等，项目成功立项、实施可以获得组织的奖励。",
      "读书观影：在空余时间可以观看美剧《Friends》、《Big Bang 生活大爆炸》等，在观剧的同时，尝试思考朋友关系的建立。"
    ]
  }
]