[
  {
    "name": "团队优势项",
    "list": [
      "追求卓越",
      "人际影响"
    ]
  },
  {
    "name": "团队待发展项",
    "list": [
      "客户导向",
      "建立关系"
    ]
  },
  {
    "name": "人才结构扫描",
    "list": [
      "盘点群体中员工绩效、能力分布较为分散，未来业绩有一定提升空间。",
      "建议通过进一步分析，找到团队能力短板，进行针对性的培训和发展；同时，通过对员工绩效管理和团队管理机制的不断优化，促进绩效的稳定输出和不断提升。"
    ]
  }
]