[
  {
    "name": "团队优势项",
    "list": [
      "追求卓越",
      "人际影响"
    ]
  },
  {
    "name": "团队待发展项",
    "list": [
      "客户导向",
      "建立关系"
    ]
  },
  {
    "name": "团队潜力发展建议",
    "list": [
      "建议通过以下方式发展跨界思考能力：",
      "反思总结：思考你在工作中可能存在偏见的观点，尝试反思这些偏见的来源？以超越你惯性的视角重新审视并做出决定；",
      "拓展阅读：坚持每日阅读1小时你所在领域外的新闻、行业趋势，了解哪些信息是对你的工作有帮助；",
      "培训课程：参加关于《如何进行跨界思考》的相关培训课程，学习如何通过跨界学习帮助在自己感兴趣/负责的领域得到提升；",
      "探索实践：尝试加入跨团队/部门的项目，并利用这个机会学习其他团队/部门的经营视角，帮助你在未来做决策获得更为广泛的信息来源。"
    ]
  }
]