[
  {
    "name": "团队优势项",
    "list": [
      "追求卓越",
      "人际影响"
    ]
  },
  {
    "name": "团队待发展项",
    "list": [
      "客户导向",
      "建立关系"
    ]
  },
  {
    "name": "人才能力分层",
    "list": [
      "根据综合能力水平，可以将员工分为高级测试岗位、中级测试岗位、初级测试岗位。"
    ],
    "position_levels": [
      {
        "name": "高级测试岗位",
        "count": 14,
        "staff_list": [
          {
            "id": 28,
            "distribution_id": 3,
            "name": "赵峰",
            "department": "销售部"
          },
          {
            "id": 40,
            "distribution_id": 2,
            "name": "王永杰",
            "department": "销售部"
          },
          {
            "id": 30,
            "distribution_id": 3,
            "name": "张嘉玲",
            "department": "销售部"
          },
          {
            "id": 29,
            "distribution_id": 3,
            "name": "张凯",
            "department": "销售部"
          },
          {
            "id": 38,
            "distribution_id": 2,
            "name": "文玲玲",
            "department": "销售部"
          },
          {
            "id": 63,
            "distribution_id": 1,
            "name": "郝毅",
            "department": "销售部"
          },
          {
            "id": 27,
            "distribution_id": 3,
            "name": "左俊",
            "department": "销售部"
          },
          {
            "id": 60,
            "distribution_id": 1,
            "name": "胡冬",
            "department": "销售部"
          },
          {
            "id": 26,
            "distribution_id": 3,
            "name": "陈晓晓",
            "department": "销售部"
          },
          {
            "id": 59,
            "distribution_id": 1,
            "name": "梁军",
            "department": "销售部"
          },
          {
            "id": 61,
            "distribution_id": 1,
            "name": "侯春建",
            "department": "销售部"
          },
          {
            "id": 62,
            "distribution_id": 1,
            "name": "洪艳萍",
            "department": "销售部"
          },
          {
            "id": 41,
            "distribution_id": 2,
            "name": "王豪",
            "department": "销售部"
          },
          {
            "id": 39,
            "distribution_id": 2,
            "name": "魏超",
            "department": "销售部"
          }
        ],
        "desc": [
          "他们通常熟知法律法规知识与城市规划，精通客户互动话术与技巧。",
          "这群员工能够考虑他人的具体情况施加有针对性的影响，能够基于客户意见提供高价值或超值服务，能够努力实现有挑战性的目标。",
          "他们通常表现出较强的情绪稳定性，将挑战性反馈、挫折和困难看做学习成长的机遇，始终保持积极的心态，展示出很强的好奇心和学习渴望，能够尝试用不同的方法达成目标。"
        ]
      },
      {
        "name": "中级测试岗位",
        "count": 4,
        "staff_list": [
          {
            "id": 64,
            "distribution_id": 4,
            "name": "高智彪",
            "department": "销售部"
          },
          {
            "id": 65,
            "distribution_id": 4,
            "name": "方超",
            "department": "销售部"
          },
          {
            "id": 67,
            "distribution_id": 4,
            "name": "董萧萧",
            "department": "销售部"
          },
          {
            "id": 66,
            "distribution_id": 4,
            "name": "杜明宏",
            "department": "销售部"
          }
        ],
        "desc": [
          "他们通常熟知法律法规知识，精通客户互动话术与技巧。",
          "这群员工能够主动寻求更佳的工作方式、提高绩效水平，能够确保自己和同事及时帮助客户解决问题。",
          "他们通常善于倾听，能够理解和尊重他人，表现出较强的情绪稳定性，将挑战性反馈、挫折和困难看做学习成长的机遇，始终保持积极的心态。"
        ]
      },
      {
        "name": "初级测试岗位",
        "count": 27,
        "staff_list": [
          {
            "id": 58,
            "distribution_id": 8,
            "name": "梁天",
            "department": "销售部"
          },
          {
            "id": 48,
            "distribution_id": 8,
            "name": "欧颖",
            "department": "销售部"
          },
          {
            "id": 52,
            "distribution_id": 8,
            "name": "刘波",
            "department": "销售部"
          },
          {
            "id": 37,
            "distribution_id": 9,
            "name": "徐树人",
            "department": "销售部"
          },
          {
            "id": 50,
            "distribution_id": 8,
            "name": "刘文雅",
            "department": "销售部"
          },
          {
            "id": 53,
            "distribution_id": 8,
            "name": "李甜甜",
            "department": "销售部"
          },
          {
            "id": 55,
            "distribution_id": 8,
            "name": "凌浩",
            "department": "销售部"
          },
          {
            "id": 45,
            "distribution_id": 8,
            "name": "石飞轩",
            "department": "销售部"
          },
          {
            "id": 31,
            "distribution_id": 9,
            "name": "张俊",
            "department": "销售部"
          },
          {
            "id": 33,
            "distribution_id": 9,
            "name": "于洋",
            "department": "销售部"
          },
          {
            "id": 43,
            "distribution_id": 8,
            "name": "孙嘉宇",
            "department": "销售部"
          },
          {
            "id": 35,
            "distribution_id": 9,
            "name": "叶小芳",
            "department": "销售部"
          },
          {
            "id": 56,
            "distribution_id": 8,
            "name": "李林",
            "department": "销售部"
          },
          {
            "id": 32,
            "distribution_id": 9,
            "name": "张长明",
            "department": "销售部"
          },
          {
            "id": 47,
            "distribution_id": 8,
            "name": "秦剑阳",
            "department": "销售部"
          },
          {
            "id": 51,
            "distribution_id": 8,
            "name": "刘萍",
            "department": "销售部"
          },
          {
            "id": 46,
            "distribution_id": 8,
            "name": "沈瑜",
            "department": "销售部"
          },
          {
            "id": 57,
            "distribution_id": 8,
            "name": "李佳骏",
            "department": "销售部"
          },
          {
            "id": 54,
            "distribution_id": 8,
            "name": "李强",
            "department": "销售部"
          },
          {
            "id": 68,
            "distribution_id": 7,
            "name": "丁羽",
            "department": "销售部"
          },
          {
            "id": 42,
            "distribution_id": 8,
            "name": "孙志杰",
            "department": "销售部"
          },
          {
            "id": 69,
            "distribution_id": 8,
            "name": "戴云云",
            "department": "销售部"
          },
          {
            "id": 49,
            "distribution_id": 8,
            "name": "鲁晓婷",
            "department": "销售部"
          },
          {
            "id": 34,
            "distribution_id": 9,
            "name": "余建平",
            "department": "销售部"
          },
          {
            "id": 70,
            "distribution_id": 7,
            "name": "陈向飞",
            "department": "销售部"
          },
          {
            "id": 44,
            "distribution_id": 8,
            "name": "苏俊林",
            "department": "销售部"
          },
          {
            "id": 36,
            "distribution_id": 9,
            "name": "杨勇",
            "department": "销售部"
          }
        ],
        "desc": [
          "他们通常基本掌握法律法规知识，掌握客户互动话术与技巧。",
          "这群员工能够与他人建立或保持融洽的关系， 能够基于数据、事实、逻辑进行直接影响。",
          "他们通常善于倾听，能够理解和尊重他人。"
        ]
      }
    ]
  }
]